type,city,district,session,name,photo,party,gender,age,education,hair,opinion,lat,lon
分區立委,台北市,第1選區,,吳思瑤,http://g0v-data.github.io/cec-crawler/images/000-%E8%87%BA%E5%8C%97%E5%B8%82-%E7%AC%AC1%E9%81%B8%E8%88%89%E5%8D%80-2-%E5%90%B3%E6%80%9D%E7%91%A4.jpg,民主進步黨,F,42,碩士,中,http://2016.cec.gov.tw/frontsite/2016/proofreader/canRPTArea/detail/1/313034303430303146323233333434373336,25.39232,121.43603
分區立委,台北市,第2選區,,姚文智,http://g0v-data.github.io/cec-crawler/images/000-%E8%87%BA%E5%8C%97%E5%B8%82-%E7%AC%AC2%E9%81%B8%E8%88%89%E5%8D%80-6-%E5%A7%9A%E6%96%87%E6%99%BA.jpg,民主進步黨,M,51,碩士,短,http://2016.cec.gov.tw/frontsite/2016/proofreader/canRPTArea/detail/1/313034303430303159313230323237373934,25.3253,121.69282
分區立委,台北市,第3選區,中山區 松山區20里,蔣萬安,http://g0v-data.github.io/cec-crawler/images/000-%E8%87%BA%E5%8C%97%E5%B8%82-%E7%AC%AC3%E9%81%B8%E8%88%89%E5%8D%80-10-%E8%94%A3%E8%90%AC%E5%AE%89.jpg,中國國民黨,M,38,博士,短,http://2016.cec.gov.tw/frontsite/2016/proofreader/canRPTArea/detail/1/313034303430303141313230383731383436,25.25082,121.56441
分區立委,台北市,第4選區,,李彥秀,http://g0v-data.github.io/cec-crawler/images/000-%E8%87%BA%E5%8C%97%E5%B8%82-%E7%AC%AC4%E9%81%B8%E8%88%89%E5%8D%80-6-%E6%9D%8E%E5%BD%A5%E7%A7%80.jpg,中國國民黨,F,45,大學,長,http://2016.cec.gov.tw/frontsite/2016/proofreader/canRPTArea/detail/1/313034303430303141323233353939343530,25.14395,121.85828
分區立委,台北市,第5選區,萬華區 中正區21里,林昶佐,http://g0v-data.github.io/cec-crawler/images/000-%E8%87%BA%E5%8C%97%E5%B8%82-%E7%AC%AC5%E9%81%B8%E8%88%89%E5%8D%80-6-%E6%9E%97%E6%98%B6%E4%BD%90.jpg,時代力量,M,40,大學,長,http://2016.cec.gov.tw/frontsite/2016/proofreader/canRPTArea/detail/1/313034303430303141313239343033323238,25.09677,121.53008
分區立委,台北市,第6選區,,蔣乃辛,http://g0v-data.github.io/cec-crawler/images/000-%E8%87%BA%E5%8C%97%E5%B8%82-%E7%AC%AC6%E9%81%B8%E8%88%89%E5%8D%80-10-%E8%94%A3%E4%B9%83%E8%BE%9B.jpg,中國國民黨,M,68,碩士,短,http://2016.cec.gov.tw/frontsite/2016/proofreader/canRPTArea/detail/1/313034303430303141313032383238363738,24.94006,121.74362
分區立委,台北市,第7選區,信義區 松山區13里,費鴻泰,http://g0v-data.github.io/cec-crawler/images/000-%E8%87%BA%E5%8C%97%E5%B8%82-%E7%AC%AC7%E9%81%B8%E8%88%89%E5%8D%80-7-%E8%B2%BB%E9%B4%BB%E6%B3%B0.jpg,中國國民黨,M,62,博士,短,http://2016.cec.gov.tw/frontsite/2016/proofreader/canRPTArea/detail/1/313034303430303141313032363436393334,25.13282,121.70586
分區立委,台北市,第8選區,文山區 中正區10里,賴士葆,http://g0v-data.github.io/cec-crawler/images/000-%E8%87%BA%E5%8C%97%E5%B8%82-%E7%AC%AC8%E9%81%B8%E8%88%89%E5%8D%80-4-%E8%B3%B4%E5%A3%AB%E8%91%86.jpg,中國國民黨,M,65,博士,短,http://2016.cec.gov.tw/frontsite/2016/proofreader/canRPTArea/detail/1/313034303430303142313030353435333535,24.71454,121.7292
分區立委,新北市,第1選區,,呂孫綾,http://g0v-data.github.io/cec-crawler/images/000-%E6%96%B0%E5%8C%97%E5%B8%82-%E7%AC%AC1%E9%81%B8%E8%88%89%E5%8D%80-4-%E5%91%82%E5%AD%AB%E7%B6%BE.jpg,民主進步黨,F,28,碩士,長,http://2016.cec.gov.tw/frontsite/2016/proofreader/canRPTArea/detail/1/313034303430303146323236393339313032,25.51997,121.57336
分區立委,新北市,第2選區,五股區 蘆洲區 三重區16里,林淑芬,http://g0v-data.github.io/cec-crawler/images/000-%E6%96%B0%E5%8C%97%E5%B8%82-%E7%AC%AC2%E9%81%B8%E8%88%89%E5%8D%80-2-%E6%9E%97%E6%B7%91%E8%8A%AC.jpg,民主進步黨,F,43,其他,中,http://2016.cec.gov.tw/frontsite/2016/proofreader/canRPTArea/detail/1/31303430343030314e323231363938393739,25.30231,121.31586
分區立委,新北市,第3選區,三重區103里,高志鵬,http://g0v-data.github.io/cec-crawler/images/000-%E6%96%B0%E5%8C%97%E5%B8%82-%E7%AC%AC3%E9%81%B8%E8%88%89%E5%8D%80-4-%E9%AB%98%E5%BF%97%E9%B5%AC.jpg,民主進步黨,M,53,碩士,短,http://2016.cec.gov.tw/frontsite/2016/proofreader/canRPTArea/detail/1/313034303430303143313230333231323039,25.20238,121.41885
分區立委,新北市,第4選區,新莊區75里,吳秉叡,http://g0v-data.github.io/cec-crawler/images/000-%E6%96%B0%E5%8C%97%E5%B8%82-%E7%AC%AC4%E9%81%B8%E8%88%89%E5%8D%80-2-%E5%90%B3%E7%A7%89%E5%8F%A1.jpg,民主進步黨,M,50,碩士,短,http://2016.cec.gov.tw/frontsite/2016/proofreader/canRPTArea/detail/1/313034303430303156313230313836343131,25.11354,121.31104
分區立委,新北市,第5選區,樹林區 鶯歌區 新莊區9里,蘇巧慧,http://g0v-data.github.io/cec-crawler/images/000-%E6%96%B0%E5%8C%97%E5%B8%82-%E7%AC%AC5%E9%81%B8%E8%88%89%E5%8D%80-1-%E8%98%87%E5%B7%A7%E6%85%A7.jpg,民主進步黨,F,40,碩士,中,http://2016.cec.gov.tw/frontsite/2016/proofreader/canRPTArea/detail/1/313034303430303141323233333136383731,24.87903,121.44011
分區立委,新北市,第6選區,,張宏陸,http://g0v-data.github.io/cec-crawler/images/000-%E6%96%B0%E5%8C%97%E5%B8%82-%E7%AC%AC6%E9%81%B8%E8%88%89%E5%8D%80-9-%E5%BC%B5%E5%AE%8F%E9%99%B8.jpg,民主進步黨,M,44,碩士,短,http://2016.cec.gov.tw/frontsite/2016/proofreader/canRPTArea/detail/1/31303430343030314c313230393533333739,25.03909,121.41677
分區立委,新北市,第7選區,,羅致政,http://g0v-data.github.io/cec-crawler/images/000-%E6%96%B0%E5%8C%97%E5%B8%82-%E7%AC%AC7%E9%81%B8%E8%88%89%E5%8D%80-2-%E7%BE%85%E8%87%B4%E6%94%BF.jpg,民主進步黨,M,52,博士,短,http://2016.cec.gov.tw/frontsite/2016/proofreader/canRPTArea/detail/1/31303430343030314b313230333334383536,24.93101,121.56767
分區立委,新北市,第8選區,,江永昌,http://g0v-data.github.io/cec-crawler/images/000-%E6%96%B0%E5%8C%97%E5%B8%82-%E7%AC%AC8%E9%81%B8%E8%88%89%E5%8D%80-1-%E6%B1%9F%E6%B0%B8%E6%98%8C.jpg,民主進步黨,M,47,碩士,短,http://2016.cec.gov.tw/frontsite/2016/proofreader/canRPTArea/detail/1/313034303430303146313231383633373831,24.60619,121.5563
分區立委,新北市,第9選區,永和區 中和區17里,林德福,http://g0v-data.github.io/cec-crawler/images/000-%E6%96%B0%E5%8C%97%E5%B8%82-%E7%AC%AC9%E9%81%B8%E8%88%89%E5%8D%80-4-%E6%9E%97%E5%BE%B7%E7%A6%8F.jpg,中國國民黨,M,63,高中,短,http://2016.cec.gov.tw/frontsite/2016/proofreader/canRPTArea/detail/1/313034303430303146313032383731393639,24.77332,121.59941
分區立委,新北市,第10選區,,吳琪銘,http://g0v-data.github.io/cec-crawler/images/000-%E6%96%B0%E5%8C%97%E5%B8%82-%E7%AC%AC10%E9%81%B8%E8%88%89%E5%8D%80-2-%E5%90%B3%E7%90%AA%E9%8A%98.jpg,民主進步黨,M,53,專科,短,http://2016.cec.gov.tw/frontsite/2016/proofreader/canRPTArea/detail/1/313034303430303150313231343634373439,24.71769,121.40371
分區立委,新北市,第11選區,新店區 深坑區 石碇區 坪林區 烏來區,羅明才,http://g0v-data.github.io/cec-crawler/images/000-%E6%96%B0%E5%8C%97%E5%B8%82-%E7%AC%AC11%E9%81%B8%E8%88%89%E5%8D%80-1-%E7%BE%85%E6%98%8E%E6%89%8D.jpg,中國國民黨,M,49,碩士,短,http://2016.cec.gov.tw/frontsite/2016/proofreader/canRPTArea/detail/1/313034303430303146313230393334393035,24.92256,121.95443
分區立委,新北市,第12選區,金山區 萬里區 汐止區 平溪區 瑞芳區 雙溪區 貢寮區,黃國昌,http://g0v-data.github.io/cec-crawler/images/000-%E6%96%B0%E5%8C%97%E5%B8%82-%E7%AC%AC12%E9%81%B8%E8%88%89%E5%8D%80-3-%E9%BB%83%E5%9C%8B%E6%98%8C.jpg,時代力量,M,43,博士,短,http://2016.cec.gov.tw/frontsite/2016/proofreader/canRPTArea/detail/1/313034303430303146313234333732383736,25.35508,121.94757
分區立委,台中市,第1選區,大甲區 大安區 外埔區 清水區 梧棲區,蔡其昌,http://g0v-data.github.io/cec-crawler/images/000-%E8%87%BA%E4%B8%AD%E5%B8%82-%E7%AC%AC1%E9%81%B8%E8%88%89%E5%8D%80-4-%E8%94%A1%E5%85%B6%E6%98%8C.jpg,民主進步黨,M,47,碩士,短,http://2016.cec.gov.tw/frontsite/2016/proofreader/canRPTArea/detail/1/31303430343030314c313230353432393734,24.32707,120.55229
分區立委,台中市,第2選區,沙鹿鎮 龍井鄉 大肚鄉 烏日鄉 霧峰 大里市2里,顏寬恒,http://g0v-data.github.io/cec-crawler/images/000-%E8%87%BA%E4%B8%AD%E5%B8%82-%E7%AC%AC2%E9%81%B8%E8%88%89%E5%8D%80-2-%E9%A1%8F%E5%AF%AC%E6%81%92.jpg,中國國民黨,M,39,碩士,短,http://2016.cec.gov.tw/frontsite/2016/proofreader/canRPTArea/detail/1/31303430343030314c313232363937363936,24.02702,120.67657
分區立委,台中市,第3選區,,洪慈庸,http://g0v-data.github.io/cec-crawler/images/000-%E8%87%BA%E4%B8%AD%E5%B8%82-%E7%AC%AC3%E9%81%B8%E8%88%89%E5%8D%80-3-%E6%B4%AA%E6%85%88%E5%BA%B8.jpg,時代力量,F,34,大學,長,http://2016.cec.gov.tw/frontsite/2016/proofreader/canRPTArea/detail/1/31303430343030314c323232383838303337,24.3577,120.84068
分區立委,台中市,第4選區,西屯區 南屯區,張廖萬堅,http://g0v-data.github.io/cec-crawler/images/000-%E8%87%BA%E4%B8%AD%E5%B8%82-%E7%AC%AC4%E9%81%B8%E8%88%89%E5%8D%80-2-%E5%BC%B5%E5%BB%96%E8%90%AC%E5%A0%85.jpg,民主進步黨,M,51,碩士,短,http://2016.cec.gov.tw/frontsite/2016/proofreader/canRPTArea/detail/1/313034303430303142313230333338363431,24.16054,120.4898
分區立委,台中市,第5選區,北屯區 北區,盧秀燕,http://g0v-data.github.io/cec-crawler/images/000-%E8%87%BA%E4%B8%AD%E5%B8%82-%E7%AC%AC5%E9%81%B8%E8%88%89%E5%8D%80-3-%E7%9B%A7%E7%A7%80%E7%87%95.jpg,中國國民黨,F,55,碩士,短,http://2016.cec.gov.tw/frontsite/2016/proofreader/canRPTArea/detail/1/313034303430303143323230353336353630,24.28694,120.72738
分區立委,台中市,第6選區,西區 中區 東區 南區,黃國書,http://g0v-data.github.io/cec-crawler/images/000-%E8%87%BA%E4%B8%AD%E5%B8%82-%E7%AC%AC6%E9%81%B8%E8%88%89%E5%8D%80-1-%E9%BB%83%E5%9C%8B%E6%9B%B8.jpg,民主進步黨,M,52,碩士,短,http://2016.cec.gov.tw/frontsite/2016/proofreader/canRPTArea/detail/1/31303430343030314d313230393335333831,24.18994,120.62713
分區立委,台中市,第7選區,太平區 大里區25里,何欣純,http://g0v-data.github.io/cec-crawler/images/000-%E8%87%BA%E4%B8%AD%E5%B8%82-%E7%AC%AC7%E9%81%B8%E8%88%89%E5%8D%80-1-%E4%BD%95%E6%AC%A3%E7%B4%94.jpg,民主進步黨,F,43,碩士,短,http://2016.cec.gov.tw/frontsite/2016/proofreader/canRPTArea/detail/1/31303430343030314c323231393931383735,24.03584,120.83381
分區立委,台中市,第8選區,豐原區 石岡區 新社區 東勢區 和平區,江啟臣,http://g0v-data.github.io/cec-crawler/images/000-%E8%87%BA%E4%B8%AD%E5%B8%82-%E7%AC%AC8%E9%81%B8%E8%88%89%E5%8D%80-2-%E6%B1%9F%E5%95%9F%E8%87%A3.jpg,中國國民黨,M,44,博士,短,http://2016.cec.gov.tw/frontsite/2016/proofreader/canRPTArea/detail/1/31303430343030314c313230303937373431,24.21816,120.98625
分區立委,台南市,第1選區,後壁區 白河區 北門區 學甲區 鹽水區 新營區 柳營區 東山區 將軍區 下營區 六甲區 官田區,葉宜津,http://g0v-data.github.io/cec-crawler/images/000-%E8%87%BA%E5%8D%97%E5%B8%82-%E7%AC%AC1%E9%81%B8%E8%88%89%E5%8D%80-4-%E8%91%89%E5%AE%9C%E6%B4%A5.jpg,民主進步黨,F,56,碩士,短,http://2016.cec.gov.tw/frontsite/2016/proofreader/canRPTArea/detail/1/31303430343030314c323231373530303631,23.29685,120.10597
分區立委,台南市,第2選區,,黃偉哲,http://g0v-data.github.io/cec-crawler/images/000-%E8%87%BA%E5%8D%97%E5%B8%82-%E7%AC%AC2%E9%81%B8%E8%88%89%E5%8D%80-1-%E9%BB%83%E5%81%89%E5%93%B2.jpg,民主進步黨,M,53,碩士,短,http://2016.cec.gov.tw/frontsite/2016/proofreader/canRPTArea/detail/1/313034303430303141313232323235363634,23.11889,120.46714
分區立委,台南市,第3選區,,陳亭妃,http://g0v-data.github.io/cec-crawler/images/000-%E8%87%BA%E5%8D%97%E5%B8%82-%E7%AC%AC3%E9%81%B8%E8%88%89%E5%8D%80-3-%E9%99%B3%E4%BA%AD%E5%A6%83.jpg,民主進步黨,F,42,碩士,短,http://2016.cec.gov.tw/frontsite/2016/proofreader/canRPTArea/detail/1/313034303430303144323230383731343736,23.15292,120.23438
分區立委,台南市,第4選區,,林俊憲,http://g0v-data.github.io/cec-crawler/images/000-%E8%87%BA%E5%8D%97%E5%B8%82-%E7%AC%AC4%E9%81%B8%E8%88%89%E5%8D%80-1-%E6%9E%97%E4%BF%8A%E6%86%B2.jpg,民主進步黨,M,51,碩士,短,http://2016.cec.gov.tw/frontsite/2016/proofreader/canRPTArea/detail/1/313034303430303144313230333231333939,23.0563,120.08332
分區立委,台南市,第5選區,,王定宇,http://g0v-data.github.io/cec-crawler/images/000-%E8%87%BA%E5%8D%97%E5%B8%82-%E7%AC%AC5%E9%81%B8%E8%88%89%E5%8D%80-1-%E7%8E%8B%E5%AE%9A%E5%AE%87.jpg,民主進步黨,M,47,碩士,短,http://2016.cec.gov.tw/frontsite/2016/proofreader/canRPTArea/detail/1/313034303430303153313231373737373533,23.01275,120.382
分區立委,高雄市,第1選區,,邱議瑩,http://g0v-data.github.io/cec-crawler/images/000-%E9%AB%98%E9%9B%84%E5%B8%82-%E7%AC%AC1%E9%81%B8%E8%88%89%E5%8D%80-1-%E9%82%B1%E8%AD%B0%E7%91%A9.jpg,民主進步黨,F,45,碩士,短,http://2016.cec.gov.tw/frontsite/2016/proofreader/canRPTArea/detail/1/313034303430303154323230333133333437,22.95396,120.69168
分區立委,高雄市,第2選區,,邱志偉,http://g0v-data.github.io/cec-crawler/images/000-%E9%AB%98%E9%9B%84%E5%B8%82-%E7%AC%AC2%E9%81%B8%E8%88%89%E5%8D%80-1-%E9%82%B1%E5%BF%97%E5%81%89.jpg,民主進步黨,M,44,博士,短,http://2016.cec.gov.tw/frontsite/2016/proofreader/canRPTArea/detail/1/313034303430303154313230383934393037,22.87744,120.18768
分區立委,高雄市,第3選區,,劉世芳,http://g0v-data.github.io/cec-crawler/images/000-%E9%AB%98%E9%9B%84%E5%B8%82-%E7%AC%AC3%E9%81%B8%E8%88%89%E5%8D%80-4-%E5%8A%89%E4%B8%96%E8%8A%B3.jpg,民主進步黨,F,57,碩士,短,http://2016.cec.gov.tw/frontsite/2016/proofreader/canRPTArea/detail/1/313034303430303141323231383537363030,22.72362,120.18218
分區立委,高雄市,第4選區,,林岱樺,http://g0v-data.github.io/cec-crawler/images/000-%E9%AB%98%E9%9B%84%E5%B8%82-%E7%AC%AC4%E9%81%B8%E8%88%89%E5%8D%80-3-%E6%9E%97%E5%B2%B1%E6%A8%BA.jpg,民主進步黨,F,44,碩士,短,http://2016.cec.gov.tw/frontsite/2016/proofreader/canRPTArea/detail/1/313034303430303153323230383331393239,22.38506,120.42319
分區立委,高雄市,第5選區,,管碧玲,http://g0v-data.github.io/cec-crawler/images/000-%E9%AB%98%E9%9B%84%E5%B8%82-%E7%AC%AC5%E9%81%B8%E8%88%89%E5%8D%80-2-%E7%AE%A1%E7%A2%A7%E7%8E%B2.jpg,民主進步黨,F,60,博士,短,http://2016.cec.gov.tw/frontsite/2016/proofreader/canRPTArea/detail/1/31303430343030314c323230303033373431,22.50879,120.21171
分區立委,高雄市,第6選區,,李昆澤,http://g0v-data.github.io/cec-crawler/images/000-%E9%AB%98%E9%9B%84%E5%B8%82-%E7%AC%AC6%E9%81%B8%E8%88%89%E5%8D%80-2-%E6%9D%8E%E6%98%86%E6%BE%A4.jpg,民主進步黨,M,52,碩士,短,http://2016.cec.gov.tw/frontsite/2016/proofreader/canRPTArea/detail/1/313034303430303147313230353539383233,22.70396,120.50972
分區立委,高雄市,第7選區,,趙天麟,http://g0v-data.github.io/cec-crawler/images/000-%E9%AB%98%E9%9B%84%E5%B8%82-%E7%AC%AC7%E9%81%B8%E8%88%89%E5%8D%80-1-%E8%B6%99%E5%A4%A9%E9%BA%9F.jpg,民主進步黨,M,43,碩士,短,http://2016.cec.gov.tw/frontsite/2016/proofreader/canRPTArea/detail/1/313034303430303155313231313635343630,22.76281,120.35797
分區立委,高雄市,第8選區,,許智傑,http://g0v-data.github.io/cec-crawler/images/000-%E9%AB%98%E9%9B%84%E5%B8%82-%E7%AC%AC8%E9%81%B8%E8%88%89%E5%8D%80-7-%E8%A8%B1%E6%99%BA%E5%82%91.jpg,民主進步黨,M,50,碩士,短,http://2016.cec.gov.tw/frontsite/2016/proofreader/canRPTArea/detail/1/313034303430303151313231313731353731,22.58294,120.37376
分區立委,高雄市,第9選區,,賴瑞隆,http://g0v-data.github.io/cec-crawler/images/000-%E9%AB%98%E9%9B%84%E5%B8%82-%E7%AC%AC9%E9%81%B8%E8%88%89%E5%8D%80-2-%E8%B3%B4%E7%91%9E%E9%9A%86.jpg,民主進步黨,M,43,碩士,短,http://2016.cec.gov.tw/frontsite/2016/proofreader/canRPTArea/detail/1/31303430343030314e313231373837373733,22.54301,120.5825
分區立委,基隆市,全市,,蔡適應,http://g0v-data.github.io/cec-crawler/images/017-%E5%9F%BA%E9%9A%86%E5%B8%82-%E9%81%B8%E8%88%89%E5%8D%80-4-%E8%94%A1%E9%81%A9%E6%87%89.jpg,民主進步黨,M,43,碩士,短,http://2016.cec.gov.tw/frontsite/2016/proofreader/canRPTArea/detail/1/313034303430303146313233393936323635,25.16018,122.10206
分區立委,宜蘭縣,全縣,,陳歐珀,http://g0v-data.github.io/cec-crawler/images/002-%E5%AE%9C%E8%98%AD%E7%B8%A3-%E9%81%B8%E8%88%89%E5%8D%80-1-%E9%99%B3%E6%AD%90%E7%8F%80.jpg,民主進步黨,M,54,碩士,短,http://2016.cec.gov.tw/frontsite/2016/proofreader/canRPTArea/detail/1/313034303430303147313230343936343833,24.44777,121.98669
分區立委,桃園市,第1選區,蘆竹鄉 龜山鄉 桃園市10里,鄭運鵬,http://g0v-data.github.io/cec-crawler/images/000-%E6%A1%83%E5%9C%92%E5%B8%82-%E7%AC%AC1%E9%81%B8%E8%88%89%E5%8D%80-1-%E9%84%AD%E9%81%8B%E9%B5%AC.jpg,民主進步黨,M,43,大學,短,http://2016.cec.gov.tw/frontsite/2016/proofreader/canRPTArea/detail/1/313034303430303141313232313633333437,25.21165,121.1531
分區立委,桃園市,第2選區,大園鄉 觀音鄉 新屋鄉 楊梅市,陳賴素美,http://g0v-data.github.io/cec-crawler/images/000-%E6%A1%83%E5%9C%92%E5%B8%82-%E7%AC%AC2%E9%81%B8%E8%88%89%E5%8D%80-5-%E9%99%B3%E8%B3%B4%E7%B4%A0%E7%BE%8E.jpg,民主進步黨,F,52,大學,長,http://2016.cec.gov.tw/frontsite/2016/proofreader/canRPTArea/detail/1/31303430343030314a323230383137393638,24.97111,121.00959
分區立委,桃園市,第3選區,中壢市69里,陳學聖,http://g0v-data.github.io/cec-crawler/images/000-%E6%A1%83%E5%9C%92%E5%B8%82-%E7%AC%AC3%E9%81%B8%E8%88%89%E5%8D%80-5-%E9%99%B3%E5%AD%B8%E8%81%96.jpg,中國國民黨,M,59,碩士,短,http://2016.cec.gov.tw/frontsite/2016/proofreader/canRPTArea/detail/1/313034303430303141313231363731333430,24.91262,121.14142
分區立委,桃園市,第4選區,,鄭寶清,http://g0v-data.github.io/cec-crawler/images/000-%E6%A1%83%E5%9C%92%E5%B8%82-%E7%AC%AC4%E9%81%B8%E8%88%89%E5%8D%80-2-%E9%84%AD%E5%AF%B6%E6%B8%85.jpg,民主進步黨,M,61,博士,短,http://2016.cec.gov.tw/frontsite/2016/proofreader/canRPTArea/detail/1/313034303430303148313031383630363838,25.03892,121.21353
分區立委,桃園市,第5選區,平鎮市 龍潭鄉,呂玉玲,http://g0v-data.github.io/cec-crawler/images/000-%E6%A1%83%E5%9C%92%E5%B8%82-%E7%AC%AC5%E9%81%B8%E8%88%89%E5%8D%80-1-%E5%91%82%E7%8E%89%E7%8E%B2.jpg,中國國民黨,F,55,專科,短,http://2016.cec.gov.tw/frontsite/2016/proofreader/canRPTArea/detail/1/313034303430303148323230353538363035,24.72758,121.21969
分區立委,桃園市,第6選區,,趙正宇,http://g0v-data.github.io/cec-crawler/images/000-%E6%A1%83%E5%9C%92%E5%B8%82-%E7%AC%AC6%E9%81%B8%E8%88%89%E5%8D%80-2-%E8%B6%99%E6%AD%A3%E5%AE%87.jpg,無黨藉,M,50,碩士,短,http://2016.cec.gov.tw/frontsite/2016/proofreader/canRPTArea/detail/1/313034303430303148313231313531353535,24.89577,121.30142
分區立委,新竹縣,全縣,,林為洲,http://g0v-data.github.io/cec-crawler/images/004-%E6%96%B0%E7%AB%B9%E7%B8%A3-%E9%81%B8%E8%88%89%E5%8D%80-1-%E6%9E%97%E7%82%BA%E6%B4%B2.jpg,中國國民黨,M,55,大學,短,http://2016.cec.gov.tw/frontsite/2016/proofreader/canRPTArea/detail/1/31303430343030314a313230393737373334,24.74371,121.09748
分區立委,新竹市,全市,,柯建銘,http://g0v-data.github.io/cec-crawler/images/018-%E6%96%B0%E7%AB%B9%E5%B8%82-%E9%81%B8%E8%88%89%E5%8D%80-1-%E6%9F%AF%E5%BB%BA%E9%8A%98.jpg,民主進步黨,M,65,大學,短,http://2016.cec.gov.tw/frontsite/2016/proofreader/canRPTArea/detail/1/31303430343030314a313030343534323637,24.82226,120.90866
分區立委,苗栗縣,第1選區,竹南鎮 造橋鄉 後龍鎮 西湖鄉 通霄鎮 銅鑼鄉 苑裡鎮 三義鄉,陳超明,http://g0v-data.github.io/cec-crawler/images/005-%E8%8B%97%E6%A0%97%E7%B8%A3-%E7%AC%AC1%E9%81%B8%E8%88%89%E5%8D%80-4-%E9%99%B3%E8%B6%85%E6%98%8E.jpg,中國國民黨,M,65,大學,短,http://2016.cec.gov.tw/frontsite/2016/proofreader/canRPTArea/detail/1/31303430343030314b313031343732303931,24.57461,120.71639
分區立委,苗栗縣,第2選區,,徐志榮,http://g0v-data.github.io/cec-crawler/images/005-%E8%8B%97%E6%A0%97%E7%B8%A3-%E7%AC%AC2%E9%81%B8%E8%88%89%E5%8D%80-2-%E5%BE%90%E5%BF%97%E6%A6%AE.jpg,中國國民黨,M,61,高中,短,http://2016.cec.gov.tw/frontsite/2016/proofreader/canRPTArea/detail/1/31303430343030314b313031313037313739,24.48527,120.98419
分區立委,彰化縣,第1選區,伸港鄉 線西鄉 和美鎮 鹿港鎮 福興鄉 秀水鄉,王惠美,http://g0v-data.github.io/cec-crawler/images/007-%E5%BD%B0%E5%8C%96%E7%B8%A3-%E7%AC%AC1%E9%81%B8%E8%88%89%E5%8D%80-2-%E7%8E%8B%E6%83%A0%E7%BE%8E.jpg,中國國民黨,F,48,碩士,短,http://2016.cec.gov.tw/frontsite/2016/proofreader/canRPTArea/detail/1/31303430343030314e323230343733383235,24.11788,120.29068
分區立委,彰化縣,第2選區,,黃秀芳,http://g0v-data.github.io/cec-crawler/images/007-%E5%BD%B0%E5%8C%96%E7%B8%A3-%E7%AC%AC2%E9%81%B8%E8%88%89%E5%8D%80-3-%E9%BB%83%E7%A7%80%E8%8A%B3.jpg,民主進步黨,F,45,大學,短,http://2016.cec.gov.tw/frontsite/2016/proofreader/canRPTArea/detail/1/31303430343030314e323231333031333535,24.0167,120.42274
分區立委,彰化縣,第3選區,,洪宗熠,http://g0v-data.github.io/cec-crawler/images/007-%E5%BD%B0%E5%8C%96%E7%B8%A3-%E7%AC%AC3%E9%81%B8%E8%88%89%E5%8D%80-5-%E6%B4%AA%E5%AE%97%E7%86%A0.jpg,民主進步黨,M,47,碩士,短,http://2016.cec.gov.tw/frontsite/2016/proofreader/canRPTArea/detail/1/31303430343030314e313232333733333434,23.77847,120.47675
分區立委,彰化縣,第4選區,大村鄉 員林鎮 永靖鄉 社頭鄉 田尾鄉 田中鎮 二水鄉,陳素月,http://g0v-data.github.io/cec-crawler/images/007-%E5%BD%B0%E5%8C%96%E7%B8%A3-%E7%AC%AC4%E9%81%B8%E8%88%89%E5%8D%80-1-%E9%99%B3%E7%B4%A0%E6%9C%88.jpg,民主進步黨,F,50,碩士,短,http://2016.cec.gov.tw/frontsite/2016/proofreader/canRPTArea/detail/1/31303430343030314d323230383130313835,23.87836,120.57975
分區立委,南投縣,第1選區,草屯鎮 國姓鄉 埔里鎮 仁愛鄉 中寮鄉 魚池鄉,馬文君,http://g0v-data.github.io/cec-crawler/images/008-%E5%8D%97%E6%8A%95%E7%B8%A3-%E7%AC%AC1%E9%81%B8%E8%88%89%E5%8D%80-1-%E9%A6%AC%E6%96%87%E5%90%9B.jpg,中國國民黨,F,51,碩士,中,http://2016.cec.gov.tw/frontsite/2016/proofreader/canRPTArea/detail/1/31303430343030314d323230323636353334,23.87202,120.92445
分區立委,南投縣,第2選區,南投市 名間鄉 集集鎮 竹山鎮 鹿谷鄉 水里鄉 信義鄉,許淑華,http://g0v-data.github.io/cec-crawler/images/008-%E5%8D%97%E6%8A%95%E7%B8%A3-%E7%AC%AC2%E9%81%B8%E8%88%89%E5%8D%80-2-%E8%A8%B1%E6%B7%91%E8%8F%AF.jpg,中國國民黨,F,41,碩士,中,http://2016.cec.gov.tw/frontsite/2016/proofreader/canRPTArea/detail/1/31303430343030314d323230313737343839,23.84256,120.73357
分區立委,雲林縣,第1選區,,蘇治芬,http://g0v-data.github.io/cec-crawler/images/009-%E9%9B%B2%E6%9E%97%E7%B8%A3-%E7%AC%AC1%E9%81%B8%E8%88%89%E5%8D%80-1-%E8%98%87%E6%B2%BB%E8%8A%AC.jpg,民主進步黨,F,63,高中,中,http://2016.cec.gov.tw/frontsite/2016/proofreader/canRPTArea/detail/1/313034303430303150323030393230323830,23.72061,120.16914
分區立委,雲林縣,第2選區,,劉建國,http://g0v-data.github.io/cec-crawler/images/009-%E9%9B%B2%E6%9E%97%E7%B8%A3-%E7%AC%AC2%E9%81%B8%E8%88%89%E5%8D%80-4-%E5%8A%89%E5%BB%BA%E5%9C%8B.jpg,民主進步黨,M,47,大學,短,http://2016.cec.gov.tw/frontsite/2016/proofreader/canRPTArea/detail/1/313034303430303150313230303030313730,23.59859,120.57975
分區立委,嘉義縣,第1選區,,蔡易餘,http://g0v-data.github.io/cec-crawler/images/010-%E5%98%89%E7%BE%A9%E7%B8%A3-%E7%AC%AC1%E9%81%B8%E8%88%89%E5%8D%80-2-%E8%94%A1%E6%98%93%E9%A4%98.jpg,民主進步黨,M,35,大學,短,http://2016.cec.gov.tw/frontsite/2016/proofreader/canRPTArea/detail/1/313034303430303151313232393534393033,23.53503,120.2378
分區立委,嘉義縣,第2選區,,陳明文,http://g0v-data.github.io/cec-crawler/images/010-%E5%98%89%E7%BE%A9%E7%B8%A3-%E7%AC%AC2%E9%81%B8%E8%88%89%E5%8D%80-1-%E9%99%B3%E6%98%8E%E6%96%87.jpg,民主進步黨,M,62,大學,短,http://2016.cec.gov.tw/frontsite/2016/proofreader/canRPTArea/detail/1/313034303430303151313032393136363330,23.43804,120.74661
分區立委,嘉義市,全市,,李俊俋,http://g0v-data.github.io/cec-crawler/images/020-%E5%98%89%E7%BE%A9%E5%B8%82-%E9%81%B8%E8%88%89%E5%8D%80-3-%E6%9D%8E%E4%BF%8A%E4%BF%8B.jpg,民主進步黨,M,51,博士,短,http://2016.cec.gov.tw/frontsite/2016/proofreader/canRPTArea/detail/1/313034303430303151313230303135303338,23.433,120.4486
分區立委,屏東縣,第1選區,,蘇震清,http://g0v-data.github.io/cec-crawler/images/013-%E5%B1%8F%E6%9D%B1%E7%B8%A3-%E7%AC%AC1%E9%81%B8%E8%88%89%E5%8D%80-2-%E8%98%87%E9%9C%87%E6%B8%85.jpg,民主進步黨,M,51,碩士,短,http://2016.cec.gov.tw/frontsite/2016/proofreader/canRPTArea/detail/1/313034303430303154313230383638363132,22.76605,120.84686
分區立委,屏東縣,第2選區,,鍾佳濱,http://g0v-data.github.io/cec-crawler/images/013-%E5%B1%8F%E6%9D%B1%E7%B8%A3-%E7%AC%AC2%E9%81%B8%E8%88%89%E5%8D%80-1-%E9%8D%BE%E4%BD%B3%E6%BF%B1.jpg,民主進步黨,M,51,碩士,短,http://2016.cec.gov.tw/frontsite/2016/proofreader/canRPTArea/detail/1/313034303430303145313230333033353037,22.29683,120.68756
分區立委,屏東縣,第3選區,,莊瑞雄,http://g0v-data.github.io/cec-crawler/images/013-%E5%B1%8F%E6%9D%B1%E7%B8%A3-%E7%AC%AC3%E9%81%B8%E8%88%89%E5%8D%80-3-%E8%8E%8A%E7%91%9E%E9%9B%84.jpg,民主進步黨,M,53,碩士,短,http://2016.cec.gov.tw/frontsite/2016/proofreader/canRPTArea/detail/1/313034303430303154313230393837393235,21.77243,120.81389
分區立委,台東縣,全縣,,劉櫂豪,http://g0v-data.github.io/cec-crawler/images/014-%E8%87%BA%E6%9D%B1%E7%B8%A3-%E9%81%B8%E8%88%89%E5%8D%80-2-%E5%8A%89%E6%AB%82%E8%B1%AA.jpg,民主進步黨,M,49,大學,短,http://2016.cec.gov.tw/frontsite/2016/proofreader/canRPTArea/detail/1/313034303430303156313230303232393835,22.69011,121.23961
分區立委,花蓮縣,全縣,,蕭美琴,http://g0v-data.github.io/cec-crawler/images/015-%E8%8A%B1%E8%93%AE%E7%B8%A3-%E9%81%B8%E8%88%89%E5%8D%80-2-%E8%95%AD%E7%BE%8E%E7%90%B4.jpg,民主進步黨,F,45,碩士,短,http://2016.cec.gov.tw/frontsite/2016/proofreader/canRPTArea/detail/1/313034303430303141323330333139363133,23.51363,121.59118
分區立委,澎湖縣,全縣,,楊曜,http://g0v-data.github.io/cec-crawler/images/016-%E6%BE%8E%E6%B9%96%E7%B8%A3-%E9%81%B8%E8%88%89%E5%8D%80-2-%E6%A5%8A%E6%9B%9C.jpg,民主進步黨,M,50,大學,短,http://2016.cec.gov.tw/frontsite/2016/proofreader/canRPTArea/detail/1/313034303430303158313230323431383832,23.59922,119.49829
分區立委,金門縣,全縣,,楊鎮浯,http://g0v-data.github.io/cec-crawler/images/020-%E9%87%91%E9%96%80%E7%B8%A3-%E9%81%B8%E8%88%89%E5%8D%80-5-%E6%A5%8A%E9%8E%AE%E6%B5%AF.jpg,中國國民黨,M,44,碩士,短,http://2016.cec.gov.tw/frontsite/2016/proofreader/canRPTArea/detail/1/313034303430303157313030333130383531,24.50214,119.35659
分區立委,連江縣,全縣,,陳雪生,http://g0v-data.github.io/cec-crawler/images/007-%E9%80%A3%E6%B1%9F%E7%B8%A3-%E9%81%B8%E8%88%89%E5%8D%80-1-%E9%99%B3%E9%9B%AA%E7%94%9F.jpg,中國國民黨,M,64,高中,短,http://2016.cec.gov.tw/frontsite/2016/proofreader/canRPTArea/detail/1/31303430343030315a313030303038333834,25.22482,119.5697
不分區立委,,,,吳焜裕,https://twreporter.github.io/infographics/election-proportion/img/吳焜裕.png,民主進步黨,M,57,博士,短,http://2016.cec.gov.tw/frontsite/2016/proofreader/nationwide/detail/08/016,,
不分區立委,,,,吳玉琴,https://twreporter.github.io/infographics/election-proportion/img/吳玉琴.png,民主進步黨,F,52,碩士,短,http://2016.cec.gov.tw/frontsite/2016/proofreader/nationwide/detail/08/017,,
不分區立委,,,,陳曼麗,https://twreporter.github.io/infographics/election-proportion/img/陳曼麗.png,民主進步黨,F,61,碩士,長,http://2016.cec.gov.tw/frontsite/2016/proofreader/nationwide/detail/08/018,,
不分區立委,,,,顧立雄,https://twreporter.github.io/infographics/election-proportion/img/顧立雄.png,民主進步黨,M,58,碩士,短,http://2016.cec.gov.tw/frontsite/2016/proofreader/nationwide/detail/08/019,,
不分區立委,,,,蔡培慧,https://twreporter.github.io/infographics/election-proportion/img/蔡培慧.png,民主進步黨,F,45,博士,中,http://2016.cec.gov.tw/frontsite/2016/proofreader/nationwide/detail/08/020,,
不分區立委,,,,王榮璋,https://twreporter.github.io/infographics/election-proportion/img/王榮璋.png,民主進步黨,M,52,高中,短,http://2016.cec.gov.tw/frontsite/2016/proofreader/nationwide/detail/08/021,,
不分區立委,,,,谷辣斯‧尤達卡Kolas Yotaka,https://twreporter.github.io/infographics/election-proportion/img/谷辣斯‧尤達卡Kolas Yotaka.png,民主進步黨,F,42,碩士,長,http://2016.cec.gov.tw/frontsite/2016/proofreader/nationwide/detail/08/022,,
不分區立委,,,,余宛如,https://twreporter.github.io/infographics/election-proportion/img/余宛如.png,民主進步黨,F,36,碩士,中,http://2016.cec.gov.tw/frontsite/2016/proofreader/nationwide/detail/08/023,,
不分區立委,,,,蘇嘉全,https://twreporter.github.io/infographics/election-proportion/img/蘇嘉全.png,民主進步黨,M,60,碩士,短,http://2016.cec.gov.tw/frontsite/2016/proofreader/nationwide/detail/08/024,,
不分區立委,,,,段宜康,https://twreporter.github.io/infographics/election-proportion/img/段宜康.png,民主進步黨,M,53,大學,短,http://2016.cec.gov.tw/frontsite/2016/proofreader/nationwide/detail/08/025,,
不分區立委,,,,鄭麗君,https://twreporter.github.io/infographics/election-proportion/img/鄭麗君.png,民主進步黨,F,47,碩士,短,http://2016.cec.gov.tw/frontsite/2016/proofreader/nationwide/detail/08/026,,
不分區立委,,,,陳其邁,https://twreporter.github.io/infographics/election-proportion/img/陳其邁.png,民主進步黨,M,52,碩士,短,http://2016.cec.gov.tw/frontsite/2016/proofreader/nationwide/detail/08/027,,
不分區立委,,,,尤美女,https://twreporter.github.io/infographics/election-proportion/img/尤美女.png,民主進步黨,F,61,碩士,短,http://2016.cec.gov.tw/frontsite/2016/proofreader/nationwide/detail/08/028,,
不分區立委,,,,李應元,https://twreporter.github.io/infographics/election-proportion/img/李應元.png,民主進步黨,M,63,博士,短,http://2016.cec.gov.tw/frontsite/2016/proofreader/nationwide/detail/08/029,,
不分區立委,,,,鍾孔炤,https://twreporter.github.io/infographics/election-proportion/img/鍾孔炤.png,民主進步黨,M,60,高中,短,http://2016.cec.gov.tw/frontsite/2016/proofreader/nationwide/detail/08/030,,
不分區立委,,,,林靜儀,https://twreporter.github.io/infographics/election-proportion/img/林靜儀.png,民主進步黨,F,42,碩士,短,http://2016.cec.gov.tw/frontsite/2016/proofreader/nationwide/detail/08/031,,
不分區立委,,,,徐國勇,https://twreporter.github.io/infographics/election-proportion/img/徐國勇.png,民主進步黨,M,58,博士,短,http://2016.cec.gov.tw/frontsite/2016/proofreader/nationwide/detail/08/032,,
不分區立委,,,,施義芳,https://twreporter.github.io/infographics/election-proportion/img/施義芳.png,民主進步黨,M,54,碩士,短,http://2016.cec.gov.tw/frontsite/2016/proofreader/nationwide/detail/08/033,,
不分區立委,,,,李鴻鈞,https://twreporter.github.io/infographics/election-proportion/img/李鴻鈞.jpg,親民黨,M,57,博士,短,http://2016.cec.gov.tw/frontsite/2016/proofreader/nationwide/detail/08/090,,
不分區立委,,,,陳怡潔,https://twreporter.github.io/infographics/election-proportion/img/陳怡潔.jpg,親民黨,F,37,博士,長,http://2016.cec.gov.tw/frontsite/2016/proofreader/nationwide/detail/08/091,,
不分區立委,,,,周陳秀霞,https://twreporter.github.io/infographics/election-proportion/img/周陳秀霞.jpg,親民黨,F,58,其他,中,http://2016.cec.gov.tw/frontsite/2016/proofreader/nationwide/detail/08/092,,
不分區立委,,,,王金平,https://twreporter.github.io/infographics/election-proportion/img/王金平.jpg,中國國民黨,M,75,大學,短,http://2016.cec.gov.tw/frontsite/2016/proofreader/nationwide/detail/08/001,,
不分區立委,,,,柯志恩,https://twreporter.github.io/infographics/election-proportion/img/柯志恩.jpg,中國國民黨,F,54,博士,中,http://2016.cec.gov.tw/frontsite/2016/proofreader/nationwide/detail/08/002,,
不分區立委,,,,陳宜民,https://twreporter.github.io/infographics/election-proportion/img/陳宜民.jpg,中國國民黨,M,60,博士,短,http://2016.cec.gov.tw/frontsite/2016/proofreader/nationwide/detail/08/003,,
不分區立委,,,,林麗蟬,https://twreporter.github.io/infographics/election-proportion/img/林麗蟬.jpg,中國國民黨,F,39,碩士,短,http://2016.cec.gov.tw/frontsite/2016/proofreader/nationwide/detail/08/004,,
不分區立委,,,,許毓仁,https://twreporter.github.io/infographics/election-proportion/img/許毓仁.jpg,中國國民黨,M,38,大學,短,http://2016.cec.gov.tw/frontsite/2016/proofreader/nationwide/detail/08/005,,
不分區立委,,,,曾銘宗,https://twreporter.github.io/infographics/election-proportion/img/曾銘宗.png,中國國民黨,M,57,博士,短,http://2016.cec.gov.tw/frontsite/2016/proofreader/nationwide/detail/08/006,,
不分區立委,,,,黃昭順,https://twreporter.github.io/infographics/election-proportion/img/黃昭順.jpg,中國國民黨,F,63,碩士,短,http://2016.cec.gov.tw/frontsite/2016/proofreader/nationwide/detail/08/007,,
不分區立委,,,,吳志揚,https://twreporter.github.io/infographics/election-proportion/img/吳志揚.jpg,中國國民黨,M,47,碩士,短,http://2016.cec.gov.tw/frontsite/2016/proofreader/nationwide/detail/08/008,,
不分區立委,,,,張麗善,https://twreporter.github.io/infographics/election-proportion/img/%E5%BC%B5%E9%BA%97%E5%96%84.jpg,中國國民黨,F,52,碩士,短,http://2016.cec.gov.tw/frontsite/2016/proofreader/nationwide/detail/08/009,,
不分區立委,,,,徐榛蔚,https://twreporter.github.io/infographics/election-proportion/img/徐榛蔚.jpg,中國國民黨,F,48,大學,長,http://2016.cec.gov.tw/frontsite/2016/proofreader/nationwide/detail/08/010,,
不分區立委,,,,王育敏,,中國國民黨,F,45,碩士,中,http://2016.cec.gov.tw/frontsite/2016/proofreader/nationwide/detail/08/012,,
不分區立委,,,,高潞．以用．巴魕剌Kawlo．Iyun．Pacidal,https://twreporter.github.io/infographics/election-proportion/img/高潞以用.jpg,時代力量,F,39,大學,短,http://2016.cec.gov.tw/frontsite/2016/proofreader/nationwide/detail/08/267,,
不分區立委,,,,徐永明,https://twreporter.github.io/infographics/election-proportion/img/徐永明.jpg,時代力量,M,50,博士,短,http://2016.cec.gov.tw/frontsite/2016/proofreader/nationwide/detail/08/268,,
平地原住民,,,,廖國棟,https://twreporter.github.io/infographics/election-proportion/img/廖國棟.jpeg,中國國民黨,M,61,大學,短,http://2016.cec.gov.tw/frontsite/2016/proofreader/canRPTArea/detail/3/313034303630303156313031313134383036,,
平地原住民,,,,鄭天財,https://twreporter.github.io/infographics/election-proportion/img/鄭天財.jpeg,中國國民黨,M,60,大學,短,http://2016.cec.gov.tw/frontsite/2016/proofreader/canRPTArea/detail/3/313034303630303155313230363839303134,,
平地原住民,,,,陳瑩,https://twreporter.github.io/infographics/election-proportion/img/陳瑩.jpeg,民主進步黨,F,44,碩士,長,http://2016.cec.gov.tw/frontsite/2016/proofreader/canRPTArea/detail/3/313034303630303156323230303431363739,,
山地原住民,,,,高金素梅,https://twreporter.github.io/infographics/election-proportion/img/高金素梅.jpeg,無黨團結聯盟,F,51,高中,長,http://2016.cec.gov.tw/frontsite/2016/proofreader/canRPTArea/detail/2/31303430373030314c323232303132303036,,
山地原住民,,,,孔文吉,https://twreporter.github.io/infographics/election-proportion/img/孔文吉.jpeg,中國國民黨,M,59,博士,短,http://2016.cec.gov.tw/frontsite/2016/proofreader/canRPTArea/detail/2/313034303730303142313230373031353238,,
山地原住民,,,,簡東明,https://twreporter.github.io/infographics/election-proportion/img/簡東明.jpeg,中國國民黨,M,65,專科,短,http://2016.cec.gov.tw/frontsite/2016/proofreader/canRPTArea/detail/2/313034303730303154313032383835393634,,
